{"cameraMode":{"drawMode":0,"name":"Shaded","section":"Shading Mode"},"sceneLighting":true,"audioPlay":false,"sceneViewState":{"showFog":true,"showMaterialUpdate":false,"showSkybox":false,"showFlares":true,"showImageEffects":true,"showParticleSystems":true},"in2DMode":false,"pivot":{"x":-0.00012502074241638184,"y":0.13999998569488526,"z":1.0700000524520875},"rotation":{"x":0.12714102864265443,"y":-0.014584274962544442,"z":0.0018696148181334138,"w":0.991775631904602},"size":2.4351556301116945,"orthographic":false}